{"z0": 50.0, "z1": -53.993988037109375, "uv": [[0.0146484375, 0.3008330762386322], [0.0146484375, 0.7089354991912842], [0.007335239555686712, 0.38581281900405884], [0.007335239555686712, 0.6204522848129272], [0.0517578125, 0.3912762403488159], [0.0517578125, 0.6146637797355652], [0.4485706090927124, 0.3936861753463745], [0.4485706090927124, 0.6121071577072144], [0.5978592038154602, 0.4077087640762329], [0.5978592038154602, 0.597193717956543], [0.8074917793273926, 0.35766440629959106], [0.8074917793273926, 0.6501006484031677], [0.8803366422653198, 0.2525349259376526], [0.8803366422653198, 0.7577382922172546], [0.925480306148529, 0.3167843818664551], [0.925480306148529, 0.6925708055496216]]}