{"z0": 50.0, "z1": -55.15687561035156, "uv": [[0.10213533043861389, 0.31251659989356995], [0.10213533043861389, 0.7001833319664001], [0.4487144351005554, 0.39285698533058167], [0.4487144351005554, 0.6152310967445374], [0.5983865857124329, 0.4072076976299286], [0.5983865857124329, 0.5997158288955688], [0.8371391892433167, 0.3685642182826996], [0.8371391892433167, 0.6412822008132935]]}