{"z0": 50.0, "z1": -43.832984924316406, "uv": [[0.11201810091733932, 0.2533051669597626], [0.11201810091733932, 0.7238956689834595], [0.4500714838504791, 0.3622753918170929], [0.4500714838504791, 0.620591402053833], [0.6129936575889587, 0.38791701197624207], [0.6129936575889587, 0.5973344445228577], [0.8147624135017395, 0.34883129596710205], [0.8147624135017395, 0.6329191327095032]]}