{"z0": 50.0, "z1": -51.082313537597656, "uv": [[0.18749213218688965, 0.39637935161590576], [0.18749213218688965, 0.603734016418457], [0.3085443675518036, 0.3956593871116638], [0.3085443675518036, 0.6044663190841675], [0.5691769123077393, 0.27640971541404724], [0.5691769123077393, 0.7250010967254639], [0.9331158399581909, 0.2834523916244507], [0.9331158399581909, 0.7179308533668518]]}