{"z0": 50.0, "z1": -40.98780059814453, "uv": [[0.16019806265830994, 0.33458858728408813], [0.16019806265830994, 0.6377412676811218], [0.39860743284225464, 0.3786057233810425], [0.39860743284225464, 0.599279522895813], [0.5471147894859314, 0.3588021397590637], [0.5471147894859314, 0.6164053082466125], [0.9058727025985718, 0.26790058612823486], [0.9058727025985718, 0.6992992758750916]]}