{"z0": 50.0, "z1": -51.248504638671875, "uv": [[0.19053517282009125, 0.40237852931022644], [0.19053517282009125, 0.5979308485984802], [0.3725971281528473, 0.42389222979545593], [0.3725971281528473, 0.575959324836731], [0.5772324204444885, 0.4050649404525757], [0.5772324204444885, 0.5951894521713257], [0.8518384695053101, 0.3467126786708832], [0.8518384695053101, 0.654565691947937]]}