{"z0": 50.0, "z1": -39.30836486816406, "uv": [[0.2098139524459839, 0.34235453605651855], [0.2098139524459839, 0.626010537147522], [0.36540037393569946, 0.3743512034416199], [0.36540037393569946, 0.5989581942558289], [0.5896965861320496, 0.3454847037792206], [0.5896965861320496, 0.6233248114585876], [0.816684901714325, 0.26756083965301514], [0.816684901714325, 0.6933265328407288]]}