{"z0": 50.0, "z1": -66.04537963867188, "uv": [[0.1708984375, 0.31598761677742004], [0.1708984375, 0.7243860960006714], [0.24432194232940674, 0.2971303462982178], [0.24432194232940674, 0.7444632649421692], [0.2451171875, 0.32168063521385193], [0.2451171875, 0.718192994594574], [0.3974609375, 0.3854435086250305], [0.3974609375, 0.6446674466133118], [0.4239347279071808, 0.37416189908981323], [0.4239347279071808, 0.6582181453704834], [0.42578125, 0.37671536207199097], [0.42578125, 0.6551706194877625], [0.5851429104804993, 0.38117727637290955], [0.5851429104804993, 0.6498177647590637], [0.830036997795105, 0.3127782344818115], [0.830036997795105, 0.7278503775596619]]}