{"z0": 50.0, "z1": -50.861846923828125, "uv": [[0.10191458463668823, 0.35914698243141174], [0.10191458463668823, 0.6410056948661804], [0.3794094920158386, 0.34221744537353516], [0.3794094920158386, 0.6581069231033325], [0.6333962082862854, 0.3537149727344513], [0.6333962082862854, 0.646495521068573], [0.8835951685905457, 0.3674815595149994], [0.8835951685905457, 0.6325775980949402]]}