{"z0": 50.0, "z1": -49.47237777709961, "uv": [[0.08608026057481766, 0.19895268976688385], [0.08608026057481766, 0.7974860668182373], [0.20205272734165192, 0.35844293236732483], [0.20205272734165192, 0.6383035182952881], [0.3665401339530945, 0.3871113359928131], [0.3665401339530945, 0.6098482012748718], [0.5717217326164246, 0.35361045598983765], [0.5717217326164246, 0.6431040167808533], [0.8496085405349731, 0.2645663619041443], [0.8496085405349731, 0.7318010926246643], [0.978515625, 0.1834750473499298], [0.978515625, 0.8130213618278503], [0.9933043718338013, 0.3636411428451538], [0.9933043718338013, 0.6331409811973572], [0.0263671875, 0.3652542233467102], [0.0263671875, 0.6315392851829529]]}