{"z0": 50.0, "z1": -50.80875015258789, "uv": [[0.041339993476867676, 0.29920530319213867], [0.041339993476867676, 0.7012753486633301], [0.050881173461675644, 0.26824602484703064], [0.050881173461675644, 0.7323383092880249], [0.1462850123643875, 0.3354842960834503], [0.1462850123643875, 0.6647576689720154], [0.397460401058197, 0.37148985266685486], [0.397460401058197, 0.628401517868042], [0.6141629219055176, 0.37866273522377014], [0.6141629219055176, 0.6211467385292053], [0.8570296168327332, 0.3591915965080261], [0.8570296168327332, 0.6408312916755676]]}