{"z0": 50.0, "z1": -33.66693878173828, "uv": [[0.06455647945404053, 0.3530489504337311], [0.06455647945404053, 0.6011795997619629], [0.3993857502937317, 0.29809677600860596], [0.3993857502937317, 0.6446173191070557], [0.6362736225128174, 0.3292734622955322], [0.6362736225128174, 0.6194552183151245], [0.903358519077301, 0.36634355783462524], [0.903358519077301, 0.5912520885467529]]}