{"z0": 50.0, "z1": -28.31431007385254, "uv": [[0.0076789227314293385, 0.2502894401550293], [0.0076789227314293385, 0.6619526147842407], [0.0078125, 0.24770981073379517], [0.0078125, 0.6641650199890137], [0.1318359375, 0.30886244773864746], [0.1318359375, 0.6160790324211121], [0.2291593998670578, 0.26344746351242065], [0.2291593998670578, 0.6509460210800171], [0.2255859375, 0.2378970831632614], [0.2255859375, 0.6727533936500549], [0.38770154118537903, 0.3044358193874359], [0.38770154118537903, 0.6192901730537415], [0.6016819477081299, 0.29716289043426514], [0.6016819477081299, 0.6246468424797058], [0.9786794781684875, 0.448419988155365], [0.9786794781684875, 0.5278443098068237], [0.8701171875, 0.3083343803882599], [0.8701171875, 0.6164602041244507]]}