{"z0": 50.0, "z1": -39.222320556640625, "uv": [[0.20108667016029358, 0.387201726436615], [0.20108667016029358, 0.588134229183197], [0.3271535634994507, 0.3948911130428314], [0.3271535634994507, 0.5818338394165039], [0.5707143545150757, 0.314951092004776], [0.5707143545150757, 0.6496528387069702], [0.8910806775093079, 0.25714346766471863], [0.8910806775093079, 0.7029193639755249]]}