{"z0": 50.0, "z1": -54.47332000732422, "uv": [[0.0146484375, 0.2997379004955292], [0.0146484375, 0.7114207744598389], [0.007133042439818382, 0.38776353001594543], [0.007133042439818382, 0.6193485856056213], [0.0517578125, 0.3931537866592407], [0.0517578125, 0.6135964393615723], [0.44804248213768005, 0.3945649266242981], [0.44804248213768005, 0.6120887398719788], [0.5981423258781433, 0.40849846601486206], [0.5981423258781433, 0.5971626043319702], [0.8077859282493591, 0.35918745398521423], [0.8077859282493591, 0.6496427059173584], [0.8815546631813049, 0.25415077805519104], [0.8815546631813049, 0.7575288414955139], [0.924897313117981, 0.31599971652030945], [0.924897313117981, 0.6947021484375]]}