{"z0": 50.0, "z1": -53.54235076904297, "uv": [[0.1940026879310608, 0.4230194389820099], [0.1940026879310608, 0.5801888704299927], [0.23725131154060364, 0.41857948899269104], [0.23725131154060364, 0.5849024057388306], [0.22971384227275848, 0.3734451234340668], [0.22971384227275848, 0.6325192451477051], [0.3419685363769531, 0.39164233207702637], [0.3419685363769531, 0.6133925914764404], [0.552789568901062, 0.3261476755142212], [0.552789568901062, 0.6816883087158203], [0.9406536221504211, 0.31241774559020996], [0.9406536221504211, 0.6957980394363403]]}