{"z0": 50.0, "z1": -28.82674789428711, "uv": [[0.16965867578983307, 0.2819454073905945], [0.16965867578983307, 0.6383816003799438], [0.3738664984703064, 0.3138907551765442], [0.3738664984703064, 0.6143543124198914], [0.5857634544372559, 0.2842802405357361], [0.5857634544372559, 0.6365554928779602], [0.921875, 0.29897379875183105], [0.921875, 0.625325620174408], [0.9779237508773804, 0.28132104873657227], [0.9779237508773804, 0.638871967792511], [0.9560546875, 0.17456389963626862], [0.9560546875, 0.7387155294418335]]}