{"z0": 50.0, "z1": -63.16529083251953, "uv": [[0.1325136423110962, 0.2890177369117737], [0.1325136423110962, 0.7458012700080872], [0.42862582206726074, 0.3642840087413788], [0.42862582206726074, 0.663727879524231], [0.60546875, 0.37993285059928894], [0.60546875, 0.6455888152122498], [0.7777079343795776, 0.321048378944397], [0.7777079343795776, 0.7119457721710205], [0.7880859375, 0.27438196539878845], [0.7880859375, 0.7607458829879761], [0.8528345227241516, 0.3047896921634674], [0.8528345227241516, 0.7293298244476318]]}