{"z0": 50.0, "z1": -37.393157958984375, "uv": [[0.019792674109339714, 0.36047402024269104], [0.019792674109339714, 0.6055557727813721], [0.14199157059192657, 0.106252521276474], [0.14199157059192657, 0.8596158027648926], [0.24237197637557983, 0.43473291397094727], [0.24237197637557983, 0.5473928451538086], [0.23046875, 0.35280150175094604], [0.23046875, 0.6118095517158508], [0.2716559171676636, 0.3531220257282257], [0.2716559171676636, 0.6115471720695496], [0.3828125, 0.11414327472448349], [0.3828125, 0.8499562740325928], [0.48370781540870667, 0.3802303671836853], [0.48370781540870667, 0.589697539806366], [0.5935823917388916, 0.3985021412372589], [0.5935823917388916, 0.5753077268600464], [0.7736685872077942, 0.33182188868522644], [0.7736685872077942, 0.6292157769203186], [0.8379033803939819, 0.14527079463005066], [0.8379033803939819, 0.8129823207855225], [0.9685410857200623, 0.3617974817752838], [0.9685410857200623, 0.6044827103614807]]}