{"z0": 50.0, "z1": -46.007686614990234, "uv": [[0.16708828508853912, 0.28161606192588806], [0.16708828508853912, 0.7035866975784302], [0.44084250926971436, 0.3954336941242218], [0.44084250926971436, 0.5948518514633179], [0.5576440095901489, 0.39530861377716064], [0.5576440095901489, 0.5949687957763672], [0.8056640625, 0.2679454982280731], [0.8056640625, 0.7170302867889404], [0.8111533522605896, 0.25382867455482483], [0.8111533522605896, 0.7310120463371277], [0.83984375, 0.26867374777793884], [0.83984375, 0.7163118124008179]]}