{"z0": 50.0, "z1": -40.16674041748047, "uv": [[0.09548548609018326, 0.364159494638443], [0.09548548609018326, 0.6096665859222412], [0.4096938967704773, 0.3710128664970398], [0.4096938967704773, 0.6038274765014648], [0.6375187635421753, 0.39879676699638367], [0.6375187635421753, 0.580483615398407], [0.8154296875, 0.38036656379699707], [0.8154296875, 0.5959123969078064], [0.9660579562187195, 0.2571272850036621], [0.9660579562187195, 0.7065761089324951], [0.98046875, 0.34051525592803955], [0.98046875, 0.630096435546875]]}