{"z0": 50.0, "z1": -45.51543045043945, "uv": [[0.1019662469625473, 0.3802904784679413], [0.1019662469625473, 0.6079540848731995], [0.3715965151786804, 0.3593250811100006], [0.3715965151786804, 0.6275638937950134], [0.644862949848175, 0.3742567002773285], [0.644862949848175, 0.6135810017585754], [0.8797004222869873, 0.38986295461654663], [0.8797004222869873, 0.5990528464317322]]}