{"z0": 50.0, "z1": -35.684814453125, "uv": [[0.17455936968326569, 0.2841794490814209], [0.17455936968326569, 0.6642189621925354], [0.3377626836299896, 0.29144927859306335], [0.3377626836299896, 0.6578438878059387], [0.6424604058265686, 0.2651427984237671], [0.6424604058265686, 0.6813321113586426], [0.8417857885360718, 0.2544691264629364], [0.8417857885360718, 0.6912091970443726]]}