{"z0": 50.0, "z1": -44.772796630859375, "uv": [[0.1594589501619339, 0.31949523091316223], [0.1594589501619339, 0.6630668044090271], [0.39906251430511475, 0.3665086328983307], [0.39906251430511475, 0.6190230846405029], [0.6189178824424744, 0.37773481011390686], [0.6189178824424744, 0.6086609363555908], [0.8230475187301636, 0.3448978364467621], [0.8230475187301636, 0.6391303539276123]]}