{"z0": 50.0, "z1": -30.09395980834961, "uv": [[0.14535512030124664, 0.24014976620674133], [0.14535512030124664, 0.6794291138648987], [0.3798278570175171, 0.26394546031951904], [0.3798278570175171, 0.6585789322853088], [0.6195276379585266, 0.2642552852630615], [0.6195276379585266, 0.6583167314529419], [0.85334712266922, 0.24056871235370636], [0.85334712266922, 0.6790492534637451]]}