{"z0": 50.0, "z1": -56.408172607421875, "uv": [[0.13371385633945465, 0.3582231104373932], [0.13371385633945465, 0.6552315950393677], [0.3553508520126343, 0.35167205333709717], [0.3553508520126343, 0.6622558236122131], [0.672328531742096, 0.38425344228744507], [0.672328531742096, 0.6270415186882019], [0.835338294506073, 0.38742560148239136], [0.835338294506073, 0.623577356338501]]}