{"z0": 50.0, "z1": -37.49988555908203, "uv": [[0.1861024796962738, 0.38480693101882935], [0.1861024796962738, 0.5863062739372253], [0.33820998668670654, 0.3931758999824524], [0.33820998668670654, 0.5796974897384644], [0.5588948726654053, 0.32512831687927246], [0.5588948726654053, 0.6352134943008423], [0.8120611906051636, 0.1822606474161148], [0.8120611906051636, 0.7719686031341553], [0.8291335701942444, 0.1511944681406021], [0.8291335701942444, 0.8065833449363708], [0.9336031675338745, 0.2684118449687958], [0.9336031675338745, 0.6855528950691223]]}