{"z0": 50.0, "z1": -48.60757064819336, "uv": [[0.12742313742637634, 0.3725178837776184], [0.12742313742637634, 0.6223522424697876], [0.4229205846786499, 0.41511428356170654], [0.4229205846786499, 0.5806984305381775], [0.5880444645881653, 0.4184834659099579], [0.5880444645881653, 0.5774112939834595], [0.9552387595176697, 0.45647579431533813], [0.9552387595176697, 0.5403996706008911], [0.90625, 0.41439393162727356], [0.90625, 0.5814013481140137], [0.9971364140510559, 0.3984795808792114], [0.9971364140510559, 0.5969428420066833], [0.9951171875, 0.32593458890914917], [0.9951171875, 0.6681582927703857]]}