{"z0": 50.0, "z1": -64.15174102783203, "uv": [[0.12015365064144135, 0.32991522550582886], [0.12015365064144135, 0.7046574950218201], [0.4248046875, 0.38158610463142395], [0.4248046875, 0.6456068754196167], [0.4578894376754761, 0.3727808892726898], [0.4578894376754761, 0.6559699177742004], [0.4794921875, 0.43520864844322205], [0.4794921875, 0.5802075266838074], [0.3414842188358307, 0.46355611085891724], [0.3414842188358307, 0.5444084405899048], [0.6155692934989929, 0.4018491804599762], [0.6155692934989929, 0.6213278770446777], [0.8336974382400513, 0.3756241798400879], [0.8336974382400513, 0.6526364684104919]]}