{"z0": 50.0, "z1": -54.302330017089844, "uv": [[0.0421527735888958, 0.301546186208725], [0.0421527735888958, 0.7090837955474854], [0.47500717639923096, 0.37410402297973633], [0.47500717639923096, 0.6334984302520752], [0.6511935591697693, 0.4232614040374756], [0.6511935591697693, 0.5810304284095764], [0.8103010654449463, 0.4132535755634308], [0.8103010654449463, 0.5917777419090271]]}