{"z0": 50.0, "z1": -34.65925216674805, "uv": [[0.08785496652126312, 0.2849734425544739], [0.08785496652126312, 0.6595613360404968], [0.3914876878261566, 0.25742411613464355], [0.3914876878261566, 0.6841683983802795], [0.7109375, 0.40845006704330444], [0.7109375, 0.5626956820487976], [0.738041341304779, 0.40610238909721375], [0.738041341304779, 0.5643943548202515], [0.73046875, 0.35191506147384644], [0.73046875, 0.6048555970191956], [0.8277583122253418, 0.36646929383277893], [0.8277583122253418, 0.5937193632125854]]}