{"z0": 50.0, "z1": -65.60115814208984, "uv": [[0.1439533233642578, 0.3580254018306732], [0.1439533233642578, 0.6762406229972839], [0.40897610783576965, 0.3992040157318115], [0.40897610783576965, 0.6270720958709717], [0.6371653079986572, 0.42113563418388367], [0.6371653079986572, 0.5997962355613708], [0.8135804533958435, 0.4057030975818634], [0.8135804533958435, 0.6190610527992249]]}