{"z0": 50.0, "z1": -69.6680908203125, "uv": [[0.142586350440979, 0.3527842164039612], [0.142586350440979, 0.6911348700523376], [0.31387269496917725, 0.33145982027053833], [0.31387269496917725, 0.7156742215156555], [0.35882091522216797, 0.2594601511955261], [0.35882091522216797, 0.7908828854560852], [0.41710448265075684, 0.32713842391967773], [0.41710448265075684, 0.7205173969268799], [0.6250534057617188, 0.35499119758605957], [0.6250534057617188, 0.6885344386100769], [0.739571213722229, 0.30810433626174927], [0.739571213722229, 0.7413346767425537], [0.7375040650367737, 0.2793040871620178], [0.7375040650367737, 0.7712802886962891], [0.877776026725769, 0.3332887291908264], [0.877776026725769, 0.713611364364624]]}