{"z0": 50.0, "z1": -39.3165283203125, "uv": [[0.15043838322162628, 0.322221040725708], [0.15043838322162628, 0.6435391902923584], [0.43146201968193054, 0.40137800574302673], [0.43146201968193054, 0.5767265558242798], [0.6425446271896362, 0.43108534812927246], [0.6425446271896362, 0.5527552366256714], [0.7900272011756897, 0.4156617820262909], [0.7900272011756897, 0.5651463270187378]]}