{"z0": 50.0, "z1": -36.122474670410156, "uv": [[0.13221271336078644, 0.3768406808376312], [0.13221271336078644, 0.5893924236297607], [0.3646238446235657, 0.37547507882118225], [0.3646238446235657, 0.5904507040977478], [0.6258354187011719, 0.3689003884792328], [0.6258354187011719, 0.5955690741539001], [0.8753882646560669, 0.37049347162246704], [0.8753882646560669, 0.5943252444267273]]}