{"z0": 50.0, "z1": -41.828514099121094, "uv": [[0.173828125, 0.3855075240135193], [0.173828125, 0.5951921939849854], [0.2568548321723938, 0.3728342354297638], [0.2568548321723938, 0.6062431335449219], [0.255859375, 0.38849949836730957], [0.255859375, 0.5925966501235962], [0.29782405495643616, 0.3931024968624115], [0.29782405495643616, 0.5886129140853882], [0.5714700818061829, 0.2427760511636734], [0.5714700818061829, 0.7269432544708252], [0.9470899701118469, 0.2901522219181061], [0.9470899701118469, 0.6811817288398743]]}