{"z0": 50.0, "z1": -33.655426025390625, "uv": [[0.2123119831085205, 0.3685714602470398], [0.2123119831085205, 0.5895775556564331], [0.35551056265830994, 0.3915351927280426], [0.35551056265830994, 0.5729005336761475], [0.6066290736198425, 0.3659154772758484], [0.6066290736198425, 0.5915389060974121], [0.708092212677002, 0.307013601064682], [0.708092212677002, 0.6372256278991699], [0.705934464931488, 0.29957935214042664], [0.705934464931488, 0.6433433294296265], [0.810189425945282, 0.30507218837738037], [0.810189425945282, 0.6388145685195923]]}