{"z0": 50.0, "z1": -59.31336975097656, "uv": [[0.16405726969242096, 0.3721049427986145], [0.16405726969242096, 0.6465473771095276], [0.36377862095832825, 0.38642916083335876], [0.36377862095832825, 0.6304410099983215], [0.6120020151138306, 0.37060725688934326], [0.6120020151138306, 0.6482201814651489], [0.8567079901695251, 0.3479574918746948], [0.8567079901695251, 0.673245906829834]]}