{"z0": 50.0, "z1": -44.34983825683594, "uv": [[0.1965753436088562, 0.39394569396972656], [0.1965753436088562, 0.5929431319236755], [0.3420661687850952, 0.40539583563804626], [0.3420661687850952, 0.5825782418251038], [0.5819266438484192, 0.35678836703300476], [0.5819266438484192, 0.6269486546516418], [0.868093729019165, 0.3021714985370636], [0.868093729019165, 0.6782311201095581]]}