{"z0": 50.0, "z1": -48.19413757324219, "uv": [[0.11629965901374817, 0.30970850586891174], [0.11629965901374817, 0.682942271232605], [0.30078125, 0.2558274269104004], [0.30078125, 0.7363761067390442], [0.29395410418510437, 0.2777279019355774], [0.29395410418510437, 0.7145795226097107], [0.41015625, 0.361262708902359], [0.41015625, 0.6323793530464172], [0.6124235391616821, 0.3740549087524414], [0.6124235391616821, 0.6199067831039429], [0.8464850783348083, 0.34606286883354187], [0.8464850783348083, 0.6472352147102356]]}