{"z0": 50.0, "z1": -60.89630889892578, "uv": [[0.15093974769115448, 0.3266661465167999], [0.15093974769115448, 0.7002626061439514], [0.42290157079696655, 0.39413830637931824], [0.42290157079696655, 0.6246436834335327], [0.5559160709381104, 0.3885120749473572], [0.5559160709381104, 0.6311495304107666], [0.8750181794166565, 0.29728174209594727], [0.8750181794166565, 0.7314215302467346]]}