{"z0": 50.0, "z1": -48.53995132446289, "uv": [[0.08425967395305634, 0.37504154443740845], [0.08425967395305634, 0.6197264790534973], [0.4539307951927185, 0.4275461435317993], [0.4539307951927185, 0.5684800744056702], [0.6142578125, 0.44268798828125], [0.6142578125, 0.5537465214729309], [0.7084852457046509, 0.4174618422985077], [0.7084852457046509, 0.5783020257949829], [0.685546875, 0.3773548901081085], [0.685546875, 0.6174622178077698], [0.8676104545593262, 0.39987337589263916], [0.8676104545593262, 0.5954545140266418]]}