{"z0": 50.0, "z1": -71.99365997314453, "uv": [[0.14064523577690125, 0.40571579337120056], [0.14064523577690125, 0.6295211911201477], [0.3673486113548279, 0.4099164307117462], [0.3673486113548279, 0.6239504814147949], [0.6236514449119568, 0.4053817689418793], [0.6236514449119568, 0.6299625039100647], [0.8663141131401062, 0.40046921372413635], [0.8663141131401062, 0.636422872543335]]}