{"z0": 50.0, "z1": -32.85365295410156, "uv": [[0.1549382209777832, 0.29688626527786255], [0.1549382209777832, 0.6425492167472839], [0.35499927401542664, 0.304408997297287], [0.35499927401542664, 0.6364195942878723], [0.6076770424842834, 0.26822012662887573], [0.6076770424842834, 0.6668553352355957], [0.8799839019775391, 0.25517427921295166], [0.8799839019775391, 0.6784642338752747]]}