{"z0": 50.0, "z1": -73.45396423339844, "uv": [[0.44585829973220825, 0.42553067207336426], [0.44585829973220825, 0.6048686504364014], [0.5995246767997742, 0.4357278347015381], [0.5995246767997742, 0.5906385183334351], [0.8699568510055542, 0.4212753474712372], [0.8699568510055542, 0.6107431650161743], [0.99609375, 0.3882090151309967], [0.99609375, 0.6549364924430847], [0.9978570938110352, 0.44366228580474854], [0.9978570938110352, 0.579428493976593], [0.0380859375, 0.44524645805358887], [0.0380859375, 0.577177107334137]]}