{"z0": 50.0, "z1": -51.51007080078125, "uv": [[0.11186270415782928, 0.374095618724823], [0.11186270415782928, 0.6273334622383118], [0.3860902488231659, 0.37321165204048157], [0.3860902488231659, 0.6282359957695007], [0.6162109375, 0.37525394558906555], [0.6162109375, 0.6261507272720337], [0.6777365207672119, 0.3387349545955658], [0.6777365207672119, 0.6633464097976685], [0.6962890625, 0.3738429844379425], [0.6962890625, 0.6275914311408997], [0.9503039121627808, 0.45673447847366333], [0.9503039121627808, 0.5425739288330078], [0.8675047159194946, 0.38697049021720886], [0.8675047159194946, 0.6141765713691711]]}