{"z0": 50.0, "z1": -47.295814514160156, "uv": [[0.17034807801246643, 0.26696130633354187], [0.17034807801246643, 0.7223243713378906], [0.3445420563220978, 0.27654024958610535], [0.3445420563220978, 0.7128351926803589], [0.4455699026584625, 0.19539913535118103], [0.4455699026584625, 0.7942227721214294], [0.45895683765411377, 0.23842880129814148], [0.45895683765411377, 0.7507766485214233], [0.680104672908783, 0.36006635427474976], [0.680104672908783, 0.6313208341598511], [0.7922196984291077, 0.3523775041103363], [0.7922196984291077, 0.6387407779693604]]}