{"z0": 50.0, "z1": -56.516109466552734, "uv": [[0.078125, 0.37374967336654663], [0.078125, 0.6387026906013489], [0.376808226108551, 0.32460492849349976], [0.376808226108551, 0.6912394762039185], [0.380859375, 0.32117366790771484], [0.380859375, 0.694841742515564], [0.40948665142059326, 0.3529832363128662], [0.40948665142059326, 0.6611111760139465], [0.6373339295387268, 0.38368603587150574], [0.6373339295387268, 0.6278806924819946], [0.8514351844787598, 0.3781641125679016], [0.8514351844787598, 0.6339024305343628], [0.9352313280105591, 0.3237191438674927], [0.9352313280105591, 0.692170262336731], [0.9528641700744629, 0.364033579826355], [0.9528641700744629, 0.6492233276367188]]}