{"z0": 50.0, "z1": -52.170631408691406, "uv": [[0.0576171875, 0.412372887134552], [0.0576171875, 0.5892412662506104], [0.09019897878170013, 0.3719700574874878], [0.09019897878170013, 0.6309924721717834], [0.1171875, 0.38618284463882446], [0.1171875, 0.6163387894630432], [0.35211819410324097, 0.36733588576316833], [0.35211819410324097, 0.6357616782188416], [0.6762844920158386, 0.3991711437702179], [0.6762844920158386, 0.6029148101806641], [0.8467587232589722, 0.4072588384151459], [0.8467587232589722, 0.5945413112640381], [0.11761478334665298, 0.38315343856811523], [0.11761478334665298, 0.6194654703140259]]}