{"z0": 50.0, "z1": -63.86294174194336, "uv": [[0.0971689373254776, 0.372042179107666], [0.0971689373254776, 0.6562337279319763], [0.35344019532203674, 0.33138176798820496], [0.35344019532203674, 0.702353835105896], [0.6474536061286926, 0.33352455496788025], [0.6474536061286926, 0.6999897360801697], [0.9140625, 0.387515127658844], [0.9140625, 0.6380122900009155], [0.9991090297698975, 0.3710476756095886], [0.9991090297698975, 0.6573927402496338], [0.9990234375, 0.34749895334243774], [0.9990234375, 0.6843884587287903]]}