{"z0": 50.0, "z1": -51.45369338989258, "uv": [[0.18899230659008026, 0.39671218395233154], [0.18899230659008026, 0.6041004657745361], [0.3148893415927887, 0.3979220688343048], [0.3148893415927887, 0.6028626561164856], [0.57017582654953, 0.2955307960510254], [0.57017582654953, 0.706901490688324], [0.9234026074409485, 0.284933477640152], [0.9234026074409485, 0.7175727486610413]]}