{"z0": 50.0, "z1": -45.16031265258789, "uv": [[0.19598506391048431, 0.35946986079216003], [0.19598506391048431, 0.6265301704406738], [0.4008368253707886, 0.4095938801765442], [0.4008368253707886, 0.5801854729652405], [0.5709047913551331, 0.4005870223045349], [0.5709047913551331, 0.5884493589401245], [0.9665617346763611, 0.451183944940567], [0.9665617346763611, 0.5422921776771545], [0.8452423214912415, 0.3237139880657196], [0.8452423214912415, 0.6602282524108887], [0.21677419543266296, 0.4295867085456848], [0.21677419543266296, 0.5619215965270996]]}