{"z0": 50.0, "z1": -47.388633728027344, "uv": [[0.1650390625, 0.3615972697734833], [0.1650390625, 0.6300739645957947], [0.2205178141593933, 0.34504246711730957], [0.2205178141593933, 0.6460824608802795], [0.19921875, 0.26554790139198303], [0.19921875, 0.7240353226661682], [0.42669540643692017, 0.372772753238678], [0.42669540643692017, 0.6193046569824219], [0.5730802416801453, 0.37303805351257324], [0.5730802416801453, 0.6190493106842041], [0.8768182396888733, 0.3149184584617615], [0.8768182396888733, 0.6753993630409241]]}