{"z0": 50.0, "z1": -56.04751968383789, "uv": [[0.0661201924085617, 0.3703191578388214], [0.0661201924085617, 0.6413882374763489], [0.445626437664032, 0.3919357657432556], [0.445626437664032, 0.617946445941925], [0.5959324240684509, 0.40485483407974243], [0.5959324240684509, 0.6038155555725098], [0.8851050138473511, 0.3911609351634979], [0.8851050138473511, 0.6187912225723267]]}