{"z0": 50.0, "z1": -50.261436462402344, "uv": [[0.18650172650814056, 0.3930329382419586], [0.18650172650814056, 0.6055277585983276], [0.3278871774673462, 0.3974735140800476], [0.3278871774673462, 0.6010687947273254], [0.5625112652778625, 0.3167625069618225], [0.5625112652778625, 0.6820411682128906], [0.9211484789848328, 0.2861377000808716], [0.9211484789848328, 0.7127171754837036]]}